{"cameraMode":{"drawMode":0,"name":"Shaded","section":"Shading Mode"},"sceneLighting":false,"audioPlay":false,"sceneViewState":{"m_AlwaysRefresh":false,"showFog":true,"showSkybox":false,"showFlares":true,"showImageEffects":true,"showParticleSystems":true,"showVisualEffectGraphs":true,"m_FxEnabled":true},"in2DMode":false,"pivot":{"x":-5.066394805908203e-7,"y":0.33748072385787966,"z":0.004733577370643616},"rotation":{"x":-0.0642893984913826,"y":-0.877912700176239,"z":0.12421154975891113,"w":-0.45816582441329958},"size":0.6459921598434448,"orthographic":false}